sequence,pep_name,irt,mods,mod_sites,nAA,rt_norm,rt_pred,rt_pred_mean,rt_pred_std,rt_pred_lower,rt_pred_upper
LGGNEQVTR,RT-pep a,-24.92,,,9,-24.92,0.15633165836334229,0.1377901832262675,0.047343355889786255,0.044997205682286434,0.23058316077024854
GAGSSEPVTGLDAK,RT-pep b,0.0,,,14,0.0,0.3249058425426483,0.2820645868778229,0.031494655219873324,0.22033506264687117,0.3437941111087746
VEATFGVDESNAK,RT-pep c,12.39,,,13,12.39,0.38472694158554077,0.3278362452983856,0.04853541840984512,0.23270682521508917,0.42296566538168207
YILAGVENSK,RT-pep d,19.79,,,10,19.79,0.4387994706630707,0.3767477472623189,0.0629169662904445,0.2534304933330477,0.5000650011915901
TPVISGGPYEYR,RT-pep e,28.71,,,12,28.71,0.4760027527809143,0.4062502980232239,0.07397746149945249,0.261254473484297,0.5512461225621508
TPVITGAPYEYR,RT-pep f,33.38,,,12,33.38,0.5245767831802368,0.4436216652393341,0.0909948600651429,0.26527173951165406,0.6219715909670142
DGLDAASYYAPVR,RT-pep g,42.26,,,13,42.26,0.5653164386749268,0.47748927275339764,0.10862651534566319,0.2645813026758978,0.6903972428308975
ADVTPADFSEWSK,RT-pep h,54.62,,,13,54.62,0.6127774119377136,0.5225856105486552,0.12543842366087185,0.2767263001733463,0.768444920923964
GTFIIDPGGVIR,RT-pep i,70.52,,,12,70.52,0.7118660807609558,0.6210928161938986,0.1614659652044972,0.30461952439308404,0.9375661079947131
GTFIIDPAAVIR,RT-pep k,87.23,,,12,87.23,0.7738630771636963,0.685142864783605,0.17952314608730663,0.333277498452484,1.037008231114726
LFLQFGAQGSPFLK,RT-pep l,100.0,,,14,100.0,0.8336188793182373,0.7167541186014811,0.18209935682192444,0.3598393792305092,1.073668857972453
