sequence,pep_name,irt,mods,mod_sites,nAA,rt_norm,rt_pred,rt_pred_mean,rt_pred_std,rt_pred_lower,rt_pred_upper
LGGNEQVTR,RT-pep a,-24.92,,,9,-24.92,0.07280364632606506,0.07280364632606506,0.0,0.07280364632606506,0.07280364632606506
GAGSSEPVTGLDAK,RT-pep b,0.0,,,14,0.0,0.27119573950767517,0.27119573950767517,0.0,0.27119573950767517,0.27119573950767517
VEATFGVDESNAK,RT-pep c,12.39,,,13,12.39,0.33264923095703125,0.33264923095703125,0.0,0.33264923095703125,0.33264923095703125
YILAGVENSK,RT-pep d,19.79,,,10,19.79,0.40094873309135437,0.40094873309135437,0.0,0.40094873309135437,0.40094873309135437
TPVISGGPYEYR,RT-pep e,28.71,,,12,28.71,0.438901424407959,0.438901424407959,0.0,0.438901424407959,0.438901424407959
TPVITGAPYEYR,RT-pep f,33.38,,,12,33.38,0.48977434635162354,0.48977434635162354,0.0,0.48977434635162354,0.48977434635162354
DGLDAASYYAPVR,RT-pep g,42.26,,,13,42.26,0.5427286624908447,0.5427286624908447,0.0,0.5427286624908447,0.5427286624908447
ADVTPADFSEWSK,RT-pep h,54.62,,,13,54.62,0.6097820997238159,0.6097820997238159,0.0,0.6097820997238159,0.6097820997238159
GTFIIDPGGVIR,RT-pep i,70.52,,,12,70.52,0.7571642994880676,0.7571642994880676,0.0,0.7571642994880676,0.7571642994880676
GTFIIDPAAVIR,RT-pep k,87.23,,,12,87.23,0.8467909693717957,0.8467909693717957,0.0,0.8467909693717957,0.8467909693717957
LFLQFGAQGSPFLK,RT-pep l,100.0,,,14,100.0,0.8570608496665955,0.8570608496665955,0.0,0.8570608496665955,0.8570608496665955
