sequence,pep_name,irt,mods,mod_sites,nAA,rt_norm,rt_pred,rt_pred_mean,rt_pred_std,rt_pred_lower,rt_pred_upper
TPVITGAPYEYR,RT-pep f,33.38,,,12,33.38,0.10172567516565323,0.13254356235265732,0.039315160684178715,0.05548584741166704,0.2096012772936476
LGGNEQVTR,RT-pep a,-24.92,,,9,-24.92,0.09622137993574142,0.12374612241983414,0.040462176914898985,0.044440255666632136,0.20305198917303613
GTFIIDPAAVIR,RT-pep k,87.23,,,12,87.23,0.10250444710254669,0.13268361389636993,0.03893143808344934,0.05637799525280922,0.20898923253993062
LFLQFGAQGSPFLK,RT-pep l,100.0,,,14,100.0,0.10035390406847,0.131027452647686,0.03878883833423621,0.05500132951258303,0.207053575782789
