sequence,pep_name,irt,mods,mod_sites,nAA,rt_norm,rt_pred,rt_pred_mean,rt_pred_std,rt_pred_lower,rt_pred_upper
TPVITGAPYEYR,RT-pep f,33.38,,,12,33.38,0.48977434635162354,0.48977434635162354,0.0,0.48977434635162354,0.48977434635162354
LGGNEQVTR,RT-pep a,-24.92,,,9,-24.92,0.07280364632606506,0.07280364632606506,0.0,0.07280364632606506,0.07280364632606506
GTFIIDPAAVIR,RT-pep k,87.23,,,12,87.23,0.8467909097671509,0.8467909097671509,0.0,0.8467909097671509,0.8467909097671509
LFLQFGAQGSPFLK,RT-pep l,100.0,,,14,100.0,0.8570609092712402,0.8570609092712402,0.0,0.8570609092712402,0.8570609092712402
