,abs_error,abs_error,abs_error,abs_error,rt_pred_std,rt_pred_std,rt_pred_std
,mean,median,std,max,mean,median,max
length_category,,,,,,,
Short (≤8),99.69576435287793,99.69576435287793,,99.69576435287793,0.04400365024726003,0.04400365024726003,0.04400365024726003
Medium (9-12),31.20170895966058,23.000758305744068,26.3489854987829,95.6899326146989,0.06327977098599648,0.05541734549021895,0.18360518755031233
Long (13-16),,,,,,,
Very Long (>16),,,,,,,
