,abs_error,abs_error,abs_error,abs_error,rt_pred_std,rt_pred_std,rt_pred_std
,mean,median,std,max,mean,median,max
length_category,,,,,,,
Short (≤8),99.70047752850846,99.70047752850846,,99.70047752850846,0.04044708733199986,0.04044708733199986,0.04044708733199986
Medium (9-12),31.223487270730086,23.037597274755512,26.300395877609343,95.55585386253975,0.04910306280068632,0.0491441703040342,0.06315646260307792
Long (13-16),,,,,,,
Very Long (>16),,,,,,,
