Method,PICP,MPIW,Mean Absolute Error,Mean Relative Error (%),Median Absolute Error,Max Absolute Error,Mean Uncertainty (Std)
MC Dropout,0.02127659574468085,0.1917620609906637,32.680444510257296,inf,23.980202416894617,99.70047752850846,0.0489188931098632
Ensemble,0.02127659574468085,0.2464489917694499,32.65902928717584,inf,23.933070629473765,99.69576435287793,0.06286964075751272
