sequence,pep_name,irt,mods,mod_sites,nAA,rt_norm,rt_pred,rt_pred_mean,rt_pred_std,rt_pred_lower,rt_pred_upper
LGGNEQVTR,RT-pep a,-24.92,,,9,-24.92,0.15633167326450348,0.13779017825921377,0.047343348089460696,0.04499721600387081,0.23058314051455675
GAGSSEPVTGLDAK,RT-pep b,0.0,,,14,0.0,0.3249058425426483,0.28206456700960797,0.03149466873294854,0.22033501629302882,0.3437941177261871
VEATFGVDESNAK,RT-pep c,12.39,,,13,12.39,0.384726881980896,0.32783623536427814,0.04853539610647456,0.23270685899558802,0.42296561173296826
YILAGVENSK,RT-pep d,19.79,,,10,19.79,0.4387994706630707,0.3767477373282115,0.06291696246929553,0.25343049088839226,0.5000649837680307
TPVISGGPYEYR,RT-pep e,28.71,,,12,28.71,0.4760027527809143,0.4062502980232239,0.07397746149945249,0.261254473484297,0.5512461225621508
TPVITGAPYEYR,RT-pep f,33.38,,,12,33.38,0.5245767831802368,0.4436216553052266,0.09099485502655492,0.26527173945317895,0.6219715711572743
DGLDAASYYAPVR,RT-pep g,42.26,,,13,42.26,0.5653164386749268,0.47748927275339764,0.10862651534566319,0.2645813026758978,0.6903972428308975
ADVTPADFSEWSK,RT-pep h,54.62,,,13,54.62,0.6127774119377136,0.5225856105486552,0.12543842366087185,0.2767263001733463,0.768444920923964
GTFIIDPGGVIR,RT-pep i,70.52,,,12,70.52,0.7118660807609558,0.6210928360621134,0.16146598194794975,0.3046195114441319,0.9375661606800949
GTFIIDPAAVIR,RT-pep k,87.23,,,12,87.23,0.7738630175590515,0.685142825047175,0.17952311837850343,0.33327751302530834,1.0370081370690418
LFLQFGAQGSPFLK,RT-pep l,100.0,,,14,100.0,0.8336189389228821,0.7167541484038035,0.18209935554309095,0.35983941153934523,1.0736688852682617
