sequence,pep_name,irt,mods,mod_sites,nAA,rt_norm,rt_pred,rt_pred_mean,rt_pred_std,rt_pred_lower,rt_pred_upper
LGGNEQVTR,RT-pep a,-24.92,,,9,-24.92,0.07280364632606506,0.08224445743751613,0.05441761610254074,-0.02441407012346372,0.18890298499849598
GAGSSEPVTGLDAK,RT-pep b,0.0,,,14,0.0,0.2711957097053528,0.2825899248753125,0.04608261938792859,0.19226799087497243,0.37291185887565254
VEATFGVDESNAK,RT-pep c,12.39,,,13,12.39,0.33264926075935364,0.3329163083663094,0.043011135649214126,0.24861448249384974,0.4172181342387691
YILAGVENSK,RT-pep d,19.79,,,10,19.79,0.400948703289032,0.39441304891935497,0.0435225709512228,0.30910880985495826,0.4797172879837517
TPVISGGPYEYR,RT-pep e,28.71,,,12,28.71,0.438901424407959,0.43741580404445574,0.04605155285025775,0.3471547604579506,0.5276768476309609
TPVITGAPYEYR,RT-pep f,33.38,,,12,33.38,0.48977431654930115,0.4920977907767039,0.0421645277648738,0.4094553163575513,0.5747402651958565
DGLDAASYYAPVR,RT-pep g,42.26,,,13,42.26,0.5427286624908447,0.534333633515278,0.045898167191727686,0.4443732258194917,0.6242940412110642
ADVTPADFSEWSK,RT-pep h,54.62,,,13,54.62,0.6097820997238159,0.602109313862371,0.05366565736361055,0.4969246254296943,0.7072940022950477
GTFIIDPGGVIR,RT-pep i,70.52,,,12,70.52,0.7571643590927124,0.7536623220383102,0.04841911681417726,0.6587608530825227,0.8485637909940976
GTFIIDPAAVIR,RT-pep k,87.23,,,12,87.23,0.8467909097671509,0.8459752763747417,0.04921994281502844,0.749504188457286,0.9424463642921974
LFLQFGAQGSPFLK,RT-pep l,100.0,,,14,100.0,0.8570608496665955,0.8560839352743237,0.044106776365021916,0.7696346535988807,0.9425332169497667
