Method,RT PICP,RT MPIW,RT Mean Absolute Error,RT Mean Uncertainty,MS2 Mean Uncertainty,MS2 b-ion Uncertainty,MS2 y-ion Uncertainty
MC Dropout,0.0212765957446808,0.1905424086891054,32.68441262541354,0.0486077573186493,0.031287343703963,0.0299565328501981,0.032618154557728
Ensemble,0.0212765957446808,0.2464489917694499,32.65902928717584,0.0628696407575127,5.046604245606544e-10,2.0954757373736754e-10,7.997732476283658e-10
