Model,PICP,MPIW,Mean Absolute Error,Mean Relative Error (%),Mean Uncertainty (Std)
Standard (MC Dropout),0.01,0.1884911230030176,36.26081701155496,inf,0.048084470153831015
Enhanced (MC Dropout),0.01,0.19316673871411966,20.6237848423801,inf,0.04927722926380599
Model Ensemble,0.81,82.25452260528631,28.443129073450926,,20.9832965829812
