Method,PICP,MPIW,Mean Absolute Error,Mean Relative Error (%),Median Absolute Error,Max Absolute Error,Mean Uncertainty (Std)
MC Dropout,0.02127659574468085,0.1905424086891054,32.68441262541354,inf,23.94854785511168,99.70174063287196,0.04860775731864935
Ensemble,0.02127659574468085,0.2464489917694499,32.65902928717584,inf,23.933070629473765,99.69576435287793,0.06286964075751272
