Method,Average MS2 Uncertainty,Max MS2 Uncertainty,Min MS2 Uncertainty
MC Dropout,0.031048994994192957,0.07049508530701588,0.01034157388299058
Ensemble,5.046604245606545e-10,5.960464477539063e-08,9.313225746154785e-10
