Method,Ion Type,Average Uncertainty
MC Dropout,b-ions,0.029781002459887903
MC Dropout,y-ions,0.03231698752849801
Ensemble,b-ions,2.0954757373736754e-10
Ensemble,y-ions,7.997732476283659e-10
