Method,Average MS2 Uncertainty,Max MS2 Uncertainty,Min MS2 Uncertainty,b-ion Uncertainty,y-ion Uncertainty
MC Dropout,0.03128734370396308,0.06512486414433956,0.011190680142755968,0.0299565328501981,0.032618154557728055
Ensemble,5.046604245606545e-10,5.960464477539063e-08,9.313225746154785e-10,2.0954757373736754e-10,7.997732476283659e-10
